"uuid","Fcilty_nam","Street_add","Locality","Postcode","Phone","Website","cat1","cat2","cat3","cat4","cat5","cat6","cat7","cat8","Xcoord","Ycoord","Buy_Online"
"1","A & A Industrial Supplies Pty Ltd","17 LONDON DRIVE","BAYSWATER","3153","0397629322","http://www.aaindustrial.com.au/","","","","","","","","1","145.283731","-37.845415",""
"2","Abrasiflex Pty Ltd","28 BRYANT STREET","PADSTOW","2211","0287085150","http://www.abrasiflex.com.au","","1","1","","","1","","","151.030305","-33.940814",""
"3","Abrasiflex Pty Ltd","14 BASTOW PLACE","MULGRAVE","3170","0395655100","http://www.abrasiflex.com.au","","1","1","","","1","","","145.151336","-37.923894",""
"4","Abrasiflex Pty Ltd","22 FRENCH AVENUE","BRENDALE","4500","0732937000","http://www.abrasiflex.com.au","","1","1","","","1","","","152.979896","-27.312635",""
"5","Abrasiflex Pty Ltd","232-234 COLLIER ROAD","BAYSWATER","6053","0892082000","http://www.abrasiflex.com.au","","1","1","","","1","","","115.921989","-31.905805",""
"6","Abrasiflex Pty Ltd","25 WING STREET","WINGFIELD","5013","0883457700","http://www.abrasiflex.com.au","","1","1","","","1","","","138.559049","-34.836780",""
"7","All Purpose Abrasives","8 MOUNT ERIN ROAD","CAMPBELLTOWN","2560","0246282800","http://www.allpurposeabrasives.com.au","","1","1","","","","","","150.802988","-34.058988",""
"8","Atom Supplies","1 CATO STREET","WINNELLIE","0830","0889427500","http://www.atom.com.au","","1","1","1","","","1","1","130.863497","-12.429033",""
"9","Atom Supplies","4 / 22 ASHOVER ROAD","ROCKLEA","4106","0731944200","http://www.atom.com.au","","1","1","1","","","1","1","153.009257","-27.558681",""
"10","Atom Supplies","13 MICHELMORE STREET","PAGET","4740","0748371300","http://www.atom.com.au","","1","1","1","","","1","1","149.167813","-21.178165",""
"11","Atom Supplies"," 55 JESSIE-LEE ST CNR ZEDORA TN","HENDERSON","6166","0894376588","http://www.atom.com.au","","1","1","1","","","1","1","115.782927","-32.150365",""
"12","Atom Supplies","63 KAYILI STREET","KALGOORLIE","6430","0890251400","http://www.atom.com.au","","1","1","1","","","1","1","121.432381","-30.785845",""
"13","Atom Supplies","Lot 2485 Pemberton Hwy","KARRATHA","6714","0891440800","http://www.atom.com.au","","1","1","1","","","1","1","116.880100","-20.767308",""
"14","Atom Supplies","63 ANDERSON STREET","GERALDTON","6530","0899643644","http://www.atom.com.au","","1","1","1","","","1","1","114.633397","-28.744028",""
"15","Australian Industrial Abrasive","UNIT 2 / 11 LAGANA PLACE","WETHERILL PARK","2164","1300551006","http://www.australianabrasives.com.au/","","1","","","","","","","150.888813","-33.850995",""
"16","Australian Industrial Abrasive","958 STUD ROAD","ROWVILLE","3178","1300551006","http://www.australianabrasives.com.au/","","1","","","","","","","145.235532","-37.910526",""
"17","Australian Industrial Abrasive","2-4 Union Circuit","YATALA","4207","1300551006","http://www.australianabrasives.com.au/","","1","","","","","","","153.225962","-27.747993",""
"18","Australian Industrial Abrasive","UNIT 5 53 BUSHLAND RIDGE","BIBRA LAKE","6163","1300551006","http://www.australianabrasives.com.au/","","1","","","","","","","115.811824","-32.106936",""
"19","Baker & Farrow Pty Ltd","5 GUERNSEY STREET","SANDGATE","2304","0249601222","http://www.bakfar.com.au/","","1","1","","","","","","151.711700","-32.875832","YES"
"20","Baker & Farrow Pty Ltd","15 GLEN MUNRO DRIVE","MUSWELLBROOK","2333","0265409777","http://www.bakfar.com.au/","","1","1","","","","","","150.885149","-32.312586","YES"
"21","Ballarat Saw Service","420 DOWLING STREET","WENDOUREE","3355","1800677344","http://www.bstgroup.com.au/","","1","","","","","","1","143.843837","-37.523873","YES"
"22","BJ Industrial Welding Supplies","UNIT 7A DANIEL STREET","CALOUNDRA","4551","0754372436","http://www.bjwelding.com.au/","","1","","","","","","","153.110165","-26.792548",""
"23","CDA Eastland Pty Ltd","UNIT 13, 1 RELIANCE DRIVE","TUGGERAH","2259","0243510315","http://www.cdaets.com.au","","","","","","","","1","151.420286","-33.312728","YES"
"24","CDA Eastland Pty Ltd","70-72 BROADMEADOW ROAD","BROADMEADOW","2292","0249692066","http://www.cdaets.com.au","","","","","","","","1","151.732522","-32.917902","YES"
"25","CDA Eastland Pty Ltd","28 JINDALEE ROAD","PORT MACQUARIE","2444","0265813181","http://www.cdaets.com.au","","","","","","","","1","152.885052","-31.451069","YES"
"26","CDA Eastland Pty Ltd","173 ORLANDO STREET","COFFS HARBOUR","2450","0266524022","http://www.cdaets.com.au","","","","","","","","1","153.129343","-30.287671","YES"
"27","CDA Eastland Pty Ltd","4/78 Eastern Road","Browns Plains","4118","0732737099","http://www.cdaets.com.au","","","","","","","","1","153.050732","-27.665131","YES"
"28","CDA Eastland Pty Ltd","5 CRISP AVENUE","GRAFTON","2460","0266435622","http://www.cdaets.com.au","","","","","","","","1","152.940682","-29.704746","YES"
"29","Cromwell Pty Ltd","LIDCOMBE BUSINESS PARK UNIT D4, 3-29 BIRNIE AVENUE","LIDCOMBE","2141","0293951000","http://www.cromwellpty.com.au/","","","","","","","","1","151.058413","-33.858947",""
"30","Cromwell Pty Ltd","1/11 LENSWORTH STREET","COOPERS PLAINS","4108","0733443448","http://www.cromwellpty.com.au/","","","","","","","","1","153.036917","-27.572532",""
"31","Express Industrial Supplies","50 GIBSON AVENUE","PADSTOW","2211","0287077000","http://expressindustrialsupplies.com/","","","","","","","","1","151.027568","-33.937707",""
"32","Express Industrial Supplies","CNR MANNS RD & YANDINA RDS","WEST GOSFORD","2250","0243259000","http://expressindustrialsupplies.com/","","","","","","","","1","151.320163","-33.419077",""
"33","Express Industrial Supplies","14 FITZGERALD ROAD","LAVERTON","3028","0243511850","http://expressindustrialsupplies.com/","","","","","","","","1","144.782957","-37.842243",""
"34","Express Industrial Supplies","292 SETTLEMENT ROAD","THOMASTOWN","3074","0394637000","http://expressindustrialsupplies.com/","","","","","","","","1","145.028718","-37.690226",""
"35","Fairview Architectural Pty Ltd","18-20 DONALD STREET","LITHGOW","2790","0263522355","http://www.fairviewarchitectural.com/home.html","","","","","","","1","","150.164502","-33.475056",""
"36","Milspec Services Pty Ltd","UNIT 3 / 99 SPENCER ROAD","CARRARA","4211","0755579700","http://www.milspecservices.com.au/","","","","","1","","","","153.345841","-28.009195",""
"37","MLB Paint Distributors","UNIT 5/ 211 BANNISTER ROAD","CANNING VALE","6155","0894557251","","1","","","","","","","","115.899756","-32.065264",""
"38","Network Building supplies","15 DAISY STREET","REVESBY","2212","0297719266","http://www.networkbuilding.com.au/","","","","","","","1","","151.008736","-33.936941","YES"
"39","Sumabrite Products Pty Ltd","5 EDINBURGH STREET","OAKLEIGH SOUTH","3167","0395435455","","","1","1","","","","","","145.109775","-37.914898",""
"40","Totalweld Sales & Service  Pty Ltd","23 MCCOURT ROAD","PALMERSTON","0830","0889324669","http://www.totalweld.com.au/","","1","","","","","","","130.994554","-12.473283",""
"41","Wasps (Welding Accessories & Supplies)","UNIT 3 CONCEPT PLACE 25 TRANSPORT AVENUE","PAGET/MACKAY","4740","0743526432","","","1","","","","","","","149.168108","-21.172186",""
"42","Waughs Industrial Supplies","13-17 MALVERN STREET","BAYSWATER","3153","0397201788","http://www.waughs.com.au","","","","","","","","1","145.272887","-37.842208",""
"43","Waughs Industrial Supplies","2F THISTLE STREET","BENDIGO","3550","0354414411","http://www.waughs.com.au","","","","","","","","1","144.267961","-36.769473",""
"44","Weber Abrasives Pty Ltd","122 FREDERICK STREET","WELLAND","5007","0883469571","http://www.abrasives.on.net/","","1","1","","","","","1","138.557533","-34.907246","YES"
"45","Whitworth's Marine & Leisure","81 Sandgate Road","Albion","4010","0732560311","https://www.whitworths.com.au/","","","","","","1","","","153.043484","-27.437757","YES"
"46","Whitworth's Marine & Leisure","55 Balaclava Street","Woolloongabba","4102","0738958300","https://www.whitworths.com.au/","","","","","","1","","","153.038793","-27.490631","YES"
"47","Whitworth's Marine & Leisure","Unit 12 "The Brickshed" Warehouse Road","Southport","4215","0755263811","https://www.whitworths.com.au/","","","","","","1","","","153.408973","-27.979594","YES"
"48","Whitworth's Marine & Leisure","Shop D 6 Nicklin Way","Minyama","4575","0754525466","https://www.whitworths.com.au/","","","","","","1","","","153.124438","-26.700766","YES"
"49","Whitworth's Marine & Leisure","Crn Cross & Dale Street","Brookvale","2100","0299391055","https://www.whitworths.com.au/","","","","","","1","","","151.268276","-33.765853","YES"
"50","Whitworth's Marine & Leisure","82 Darley Street","Mona Vale","2103","0299797053","https://www.whitworths.com.au/","","","","","","1","","","151.304750","-33.673711","YES"
"51","Whitworth's Marine & Leisure","138 Victoria Rd","Drummoyne","2047","0298186211","https://www.whitworths.com.au/","","","","","","1","","","151.156531","-33.852759","YES"
"52","Whitworth's Marine & Leisure","49 Alexander Street","Crows Nest","2065","0294363118","https://www.whitworths.com.au/","","","","","","1","","","151.202354","-33.827219","YES"
"53","Whitworth's Marine & Leisure","Crn President Ave & Willarong Road","Caringbah","2229","0295255777","https://www.whitworths.com.au/","","","","","","1","","","151.119368","-34.042603","YES"
"54","Whitworth's Marine & Leisure","Unit 5/ 31 Griffiths Road","Lambton","2299","0249522468","https://www.whitworths.com.au/","","","","","","1","","","151.723694","-32.914916","YES"
"55","Whitworth's Marine & Leisure","20 Derwant Park Road","Derwant Park","7009","0362720166","https://www.whitworths.com.au/","","","","","","1","","","147.293198","-42.839076","YES"
"56","Whitworth's Marine & Leisure","85 Vincent Street","Port Adelaide","5015","0882403777","https://www.whitworths.com.au/","","","","","","1","","","138.501354","-34.845054","YES"
"57","Whitworth's Marine & Leisure","Unit 8 634 Stirling Hwy","Mosman Park","6012","0893855877","https://www.whitworths.com.au/","","","","","","1","","","115.757665","-32.008078","YES"
"58","Whitworth's Marine & Leisure","33 Oxford Close","West Leederville","6007","0893811442","https://www.whitworths.com.au/","","","","","","1","","","115.841081","-31.941918","YES"
"59","Whitworth's Marine & Leisure","230 HARTLEY STREET(CORNER HARTLEY STREET & BROWN STREET)","BUNGALOW","4870","0740355933","https://www.whitworths.com.au/","","","","","","1","","","145.759738","-16.940775","YES"
"60","ABL Distribution Pty Ltd","11 HARRINGTON STREET  ","ARUNDEL","4214","1800984822","http://www.abldistribution.com.au/","","1","1","1","","","","1","153.368121","-27.931570","YES"
"61","Adept Solutions Pty Ltd","458 - 470 HIGH STREET SHIP 2 THE BOARDWALK","PENRITH","2750","1800008590","http://adept-industrial.com.au/","","","1","","","","","1","150.691047","-33.752178",""
"62","Armstrong Packaging Pty Ltd","55 LANGFORD STREET","POORAKA","5095","0883596422","http://www.armpack.com.au/","","1","1","1","","","","1","138.629740","-34.816304",""
"63","ATA Distributors Pty Ltd","DOOR NO.3 / ROSS STREET CNR.538 WILLIAMSTOWN ROAD","PORT MELBOURNE","3207","0396468000","http://www.cpsupplies.com.au/","","1","1","1","","","","1","144.942929","-37.831828","YES"
"64","Aviall Australia Pty Ltd","BUILDING 111, DITCHMAN AVE ARCHERFIELD AIRPORT","ARCHERFIELD","4108","0732778322","www.aviall.com","","","","","1","","","","153.013689","-27.572470",""
"65","Aviall Australia Pty Ltd","11 / 450 SHERIDAN STREET","CAIRNS","4870","0740324677","www.aviall.com","","","","","1","","","","145.755074","-16.897115",""
"66","Aviall Australia Pty Ltd","453 AIRPORT AVE","BANKSTOWN AIRPORT","2200","0297910511","www.aviall.com","","","","","1","","","","150.991910","-33.917181",""
"67","Aviall Australia Pty Ltd","11 Eagle Drive","Janakot Airport","6164","0893328858","www.aviall.com","","","","","1","","","","115.878341","-32.094831",""
"68","Aviall Australia Pty Ltd","Unit 9/48 Shearson Cresent","Moorabbin","3194","0393393000","www.aviall.com","","","","","1","","","","145.084843","-37.976929",""
"69","Aviall Australia Pty Ltd","20-22 LINDAWAY PLACE","TULLAMARINE","3043","0393383000","www.aviall.com","","","","","1","","","","144.887958","-37.702806",""
"70","Cameleon Coatings","26 PARAMOUNT DRIVE","WANGARA","6065","0893022577","http://www.cameleon.com.au/","","1","","","","","1","","115.831156","-31.791372",""
"71","Embossing & Tape Supplies","16 / 22 - 28 KAREENA ROAD","MIRANDA","2228","0295262055","http://embossingtapesupplies.com.au/","","","1","1","","","","","151.114742","-34.029045",""
"72","Harry Daines Pty Ltd","175 Botnay Road","WATERLOO","2017","0296993977","http://www.harrydaines.com.au/","","","1","1","","","","","151.200990","-33.901183",""
"73","Interturbine Advanced Logistics","17 ASHTAN PLACE","BANYO","4014","0732925200","http://www.itlogistics.de","","","","","1","","","","153.092343","-27.380491",""
"74","J T  Dixon Pty Ltd","19 - 21 HOLMES STREET","GEELONG NORTH","3215","0352786644","http://www.jtdixon.com.au/","","","","","","","","1","144.349577","-38.108566",""
"75","Marine Plus Leisure","193 BAY ROAD","SANDRINGHAM","3191","0395216789","http://www.marineplus.com.au","","","","","","1","","","145.025673","-37.954344",""
"76","Marineware","UNIT C 23 GOLD COAST CITY MARINA 76-84 WATERWAY DRIVE","COOMERA","4209","0755028966","http://marineware.com.au/","","","","","","1","","","153.335985","-27.862659",""
"77","Marineware","68 BROADMEADOW ROAD","BROADMEADOW","2292","0249276855","http://marineware.com.au/","","","","","","1","","","151.732475","-32.917656",""
"78","Marineware","18B ROBERT STREET","ROZELLE","2039","0295557922","http://marineware.com.au/","","","","","","1","","","151.175904","-33.866179",""
"79","Mark Colin Packaging","1A LEEWOOD DRIVE","ORANGE","2800","0263606900","http://www.markcolin.com.au/","","","1","1","","","","","149.108186","-33.307764",""
"80","Mark Colin Packaging","28 NEWTON ROAD","WETHERILL PARK","2164","0296121800","http://www.markcolin.com.au/","","","1","1","","","","","150.882077","-33.847749",""
"81","Mark Colin Packaging","U4/33 PENDLEBURY RD","CARDIFF","2285","0249493600","http://www.markcolin.com.au/","","","1","1","","","","","151.654409","-32.945858",""
"82","Nuplex Composites","49-61 Stephen Road","Botany","2019","0296660331","http://www.nuplex.com/composites/","","","","","","1","","","151.209883","-33.951652",""
"83","Nuplex Composites","20 Production Street","Wacol","4076","0732713944","http://www.nuplex.com/composites/","","","","","","1","","","152.930354","-27.588191",""
"84","Nuplex Composites","16-18 Coulson Way","CANNING VALE","6155","0892658400","http://www.nuplex.com/composites/","","","","","","1","","","115.930074","-32.055539",""
"85","Nuplex Composites","1612 - 1638 CENTRE ROAD","SPRINGVALE","3171","0395505650","http://www.nuplex.com/composites/","","","","","","1","","","145.149267","-37.932321",""
"86","Paramount Paper Merchants","8 GREEVES ST","ST KILDA","3182","0395349031","http://www.paramountpackaging.com.au/","","","1","1","","","","","144.983672","-37.865005",""
"87","Rite Price Distributors","12 PRECISION DRIVE","MOLENDINAR","4214","0755745811","http://www.ritepricedistributors.com.au/","","","","","","1","","1","153.361949","-27.964880","YES"
"88","Sedl Agencies","388 SOUTH STREET","TOOWOOMBA","4350","0746177000","http://www.sedlagencies.com.au","1","1","1","1","","","","","151.925745","-27.574379","YES"
"89","Signet Pty Ltd","87-91 ARKWRIGHT DRIVE","DANDENONG SOUTH","3175","137446","http://www.signet.net.au/","","","1","1","","","","1","145.193604","-37.952247","YES"
"90","Signet Pty Ltd","BUILDING 3 6 INGLIS ROAD","INGLEBURN","2565","137446","http://www.signet.net.au/","","","1","1","","","","1","150.849331","-34.003673","YES"
"91","Signet Pty Ltd","56 INGLESTON ROAD","WAKERLEY","4154","137446","http://www.signet.net.au/","","","1","1","","","","1","153.147750","-27.479845","YES"
"92","Signet Pty Ltd","33 - 37 WEBB DRIVE","BOHLE","4818","137446","http://www.signet.net.au/","","","1","1","","","","1","146.734874","-19.258211","YES"
"93","Wayne Richardson Sales","5 LIBERTY ROAD","HUNTINGWOOD","2148","0298306200","http://www.wrsales.com.au","","1","1","1","1","","1","","150.871976","-33.795049",""
"94","Wayne Richardson Sales","52 ENTERPRISE DRIVE","BERESFIELD","2322","0249665455","http://www.wrsales.com.au","","1","1","1","1","","1","","151.642070","-32.807906",""
"95","Wayne Richardson Sales","1960 HUME HIGHWAY","CAMPBELLFIELD VIC","3061","0393570070","http://www.wrsales.com.au","","1","1","1","1","","1","","144.950781","-37.644761",""
"96","Wayne Richardson Sales","133 - 145 NEW DOOKIE ROAD","SHEPPARTON","3630","0358218323","http://www.wrsales.com.au","","1","1","1","1","","1","","145.430706","-36.364175",""
"97","Wayne Richardson Sales","GATE A 103 ASHOVER ROAD","ROCKLEA","4106","0738508600","http://www.wrsales.com.au","","1","1","1","1","","1","","153.005179","-27.564325",""
"98","Wayne Richardson Sales","1-3 WOOMERA AVE","EDINBURGH","5111","0881820500","http://www.wrsales.com.au","","1","1","1","1","","1","","138.639716","-34.740448",""
"99","Wayne Richardson Sales","UNIT 1, 36 SARICH COURT","OSBORNE PARK","6017","0894462411","http://www.wrsales.com.au","","1","1","1","1","","1","","115.810826","-31.897925",""
"100","McGrath Holden","GATE 2 MOOREBANK & HELLES AVE","MOOREBANK","2170","0296005014","http://www.ahg.com.au/nsw/mcgrath-liverpool","1","","","","","","","","150.924428","-33.936356",""
"101","Akzo Nobel Body Shop Services","1 / 269 WILLIAMSTOWN ROAD","PORT MELBOURNE","3207","1300130857","","1","","","","","","","","144.920693","-37.835452",""
"102","Alan Mance Motors Pty Ltd","435 BARKLY STREET","FOOTSCRAY","3011","0396874222","http://www.alanmance.com.au/","1","","","","","","","","144.885245","-37.798260",""
"103","Albury Auto Paints","331B TOWNSEND STREET","ALBURY","2640","0260211063","http://www.alburyautopaints.com/","1","","","","","","","","146.911019","-36.089164",""
"104","Alice Springs Paint Supplies","4 Crispe Street","Alice Springs","0870","0889523266","","1","","","","","","","","133.868174","-23.689403",""
"105","Amcap","13-39 PILBARA STREET","WELSHPOOL","6016","0893514716","http://www.amcap.com.au/index_amcap.aspx","1","","","","","","","","115.940883","-31.992015",""
"106","Auto Paint Supplies","UNIT 3A/145 GLADSTONE STREET","FYSHWICK","2609","0262806848","http://www.autopaintsupplies.com.au/","1","","","","","","","","149.183498","-35.324083",""
"107","Auto West Paint Supplies Pty Ltd","UNIT 9 / 61 REGENTVILLE ROAD","PENRITH","2750","0247213301","http://www.autowest.com.au/","1","","","","","","","","150.681922","-33.766933",""
"108","Auto West Paint Supplies Pty Ltd","18 Vale Street","Bathurst","2795","0263317888","http://www.autowest.com.au/","1","","","","","","","","149.579350","-33.434612",""
"109","Auto West Paint Supplies Pty Ltd","16 DUNTROON STREET","BRENDALE","4500","0738811611","http://www.autowest.com.au/","1","","","","","","","","152.984838","-27.321100",""
"110","Automotive Paint Supplies Pty Ltd","388 BARKLY STREET","BRUNSWICK","3056","0393806144","","1","","","","","","","","144.954276","-37.775626",""
"111","Bainbridge International Pty Ltd","273 HARBORD ROAD","BROOKVALE","2100","1800971149","","","","","","","1","","","151.281061","-33.759231",""
"112","BASF Australia Ltd","57 GOODWOOD ROAD","WAYVILLE","5034","08 8272 4766","http://www.basf.com.au/apex/ANZ/en/","1","","","","","","","","138.589778","-34.947117",""
"113","BASF Australia Ltd","UNIT 7 / 56 KEYS ROAD","MOORABBIN","3189","0392764226","http://www.basf.com.au/apex/ANZ/en/","1","","","","","","","","145.064761","-37.948350",""
"114","The Bayford Group","13a Corr St","MOORABBIN","3189","0395554749","http://bayfordford.com.au/","1","","","","","","","","145.069425","-37.940614",""
"115","The Bayford Group","1764 HUME HIGHWAY","CAMPBELLFIELD","3061","0392413094","http://bayfordford.com.au/","1","","","","","","","","144.950781","-37.644761",""
"116","Wholesale Paint Group","72 Pilkington Street","Townsville","4810","0747253082","http://www.cwp.com.au/","1","","","","","","","","146.767305","-19.273373",""
"117","Wholesale Paint Group","70 Connors Road","Mackay","4740","0749522655","http://www.cwp.com.au/","1","","","","","","","","149.159863","-21.174165",""
"118","Wholesale Paint Group","53 Lord Street","Gladstone","4680","0749724277","http://www.cwp.com.au/","1","","","","","","","","151.249442","-23.841221",""
"119","Wholesale Paint Group","80 AUMULLER ST","CAIRNS","4870","0740352000","http://www.cwp.com.au/","1","","","","","","","","145.768478","-16.940559",""
"120","Capital Auto Paints","18 ISA STREET","FYSHWICK","2609","0262807313","http://capitalautopaints.com.au/","1","","","","","","","","149.172379","-35.327035",""
"121","Car Care Products Australia","PTY LTD 4 HARRIS ROAD","FIVE DOCK","2046","1300006007","www.carcareproducts.com.au","1","","","","","","","","151.122358","-33.870750","YES"
"122","Care Distributors Pty Ltd","5 GRAHAM STREET","WINGFIELD","5013","08 83471355","http://www.caredistributors.com.au/","1","","","","","","","","138.557999","-34.849185",""
"123","Carlisle Motors Pty Ltd","36 GREGORY STREET","MACKAY","4740","0749570707","http://www.carlislemotors.com.au/","1","","","","","","","","149.184340","-21.142619",""
"124","Carlisle Motors Pty Ltd","UNIT 2, 14 WHITEHOUSE ST","GARBUTT","4814","0749570707","http://www.carlislemotors.com.au/","1","","","","","","","","146.754236","-19.270380",""
"125","Complete Carwash Supplies Pty Ltd","1/28A WILLIAMSON ROAD","INGLEBURN","2565","1300722435","http://www.completecarwashsupplies.com.au/","1","","","","","","","","150.858925","-33.990992","YES"
"126","Crash Supplies Pty Ltd","24D PRINCES HWY","DOVETON","3177","1300885404","http://www.crashsupplies.com.au/","1","","","","","","","","145.233286","-38.000513","YES"
"127","Crash Supplies Pty Ltd","59 Nith Street","Mildura","3501","0350232349","http://www.crashsupplies.com.au/","1","","","","","","","","142.167045","-34.192143","YES"
"128","Crash Supplies Pty Ltd","22-24 GEORGE STREET","STEPNEY","5069","1800188072","http://www.crashsupplies.com.au/","1","","","","","","","","138.626226","-34.914047","YES"
"129","Darwin Ship Stores","FRANCES BAY DRIVE (SHIPMARK)","DARWIN","0800","0889817322","","","","","","","1","","","130.841769","-12.462820",""
"130","Earles Paint Place","276 ADELAIDE STREET","MARYBOROUGH","4650","0741215202","http://www.earlepaints.com.au","1","","","","","","","","152.703070","-25.537128",""
"131","Earles Paint Place","54 YARROON STREET","GLADSTONE","4680","0749723277","http://www.earlepaints.com.au","1","","","","","","","","151.250408","-23.842332",""
"132","Earles Paint Place","202-204 HALY STREET","KINGAROY","4610","0741625011","http://www.earlepaints.com.au","1","","","","","","","","151.836765","-26.538518",""
"133","Earles Paint Place","48 TORQUAY RD","PIALBA","4655","0741246111","http://www.earlepaints.com.au","1","","","","","","","","152.844299","-25.283125",""
"134","Earles Paint Place","2/3349 PACIFIC HIGHWAY","SLACKS CREEK","4127","0741625011","http://www.earlepaints.com.au","1","","","","","","","","153.123928","-27.617718",""
"135","GDB Services Pty Ltd","18 - 28 GRAY ST UNIT 5A","KILKENNY","5009","0882440155","http://gdbservices.com.au","","","","","","1","","","138.553266","-34.872822",""
"136","Global Autocoat Pty Ltd","54-56 CNR JOHN & CHARLES ST","BENTLEY","6102","0893509466","http://www.globalautocoat.com.au","1","","","","","","","","115.923553","-31.997554",""
"137","Guard Distributors","1/33 Harris Road","Malanga","6090","0892424577","","1","","","","","","","","115.880691","-31.864574",""
"138","Hamilton Holden","SPARE PARTS DEPARTMENT 6 BOWKER STREET","SOMERTON PARK","5044","0870070276","http://www.hamiltonholden.com.au/","1","","","","","","","","138.521279","-34.996655",""
"139","Harts Automotive Paint Supplies","47 MOSS STREET","SLACKS CREEK","4127","0738083790","","1","","","","","","","","153.122090","-27.622565",""
"140","Harts Automotive Paint Supplies","68 JOHNSTON STREET","SOUTHPORT","4215","0755914833","","1","","","","","","","","153.403802","-27.965260",""
"141","J&D Auto Paints","212 SKIPTON STREET","BALLARAT","3350","0353317422","http://jdautopaints.com/","1","","","","","","","","143.851129","-37.569319",""
"142","JPW Pty Ltd","64 DIVISION STREET","WELSHPOOL","6106","0862533000","http://www.jpwmarine.com.au","","","","","","1","","","115.934669","-31.989333",""
"143","K&R Car Parts","20 PRIME DRIVE","SEVEN HILLS","2147","0298389600","","1","","","","","","","","150.953292","-33.773194",""
"144","KG.P The Paint People Pty Ltd","8 FORTHORN PLACE","ST MARYS","2760","0298330008","http://www.kgp.com.au/","1","","","","","","","","150.780304","-33.760528",""
"145","Kevin Dennis Motors Pty Ltd","272 BALLARAT ROAD","BRAYBROOK","3019","0383766790","http://www.kevindennisholden.com.au/","1","","","","","","","","144.856675","-37.779581",""
"146","Lismore Paint Centre","43 ZADOC STREET","LISMORE","2480","0266221170","","1","","","","","","","","153.281388","-28.806748",""
"147","M&S Car parts","22 SIR JOSEPH BANKS STREET","BOTANY","2019","0296951851","","1","","","","","","","","151.202399","-33.950246",""
"148","Metro Refinish Supplies","150 FISON AVENUE WEST","EAGLE FARM","4009","1300904574","http://www.metroparts.com.au/","1","","","","","","","","153.089732","-27.435808",""
"149","Metro Refinish Supplies","25 WYLIE STREET","TOOWOOMBA","4350","0746994000","http://www.metroparts.com.au/","1","","","","","","","","151.949681","-27.566894",""
"150","Motors Pty Ltd","LOT 1, 90 CONNECTOR ROAD","KINGS MEADOWS","7249","0363329111","http://www.motors.com.au/ehub/","1","","","","","","","","147.154526","-41.480926",""
"151","Motors Pty Ltd","60 MARINE TERRACE","BURNIE","7320","0364302420","http://www.motors.com.au/ehub/","1","","","","","","","","145.913432","-41.061816",""
"152","Motors Pty Ltd","8C LAMPTON AVENUE","DERWENT PARK","7009","0362110577","http://www.motors.com.au/ehub/","1","","","","","","","","147.289913","-42.833295",""
"153","Motors Pty Ltd","1 DON ROAD","DEVONPORT","7310","0364204500","http://www.motors.com.au/ehub/","1","","","","","","","","146.341503","-41.179460",""
"154","Oz Trade Supplies Pty Ltd","UNIT 1/11 JAYGEE COURT","NERANG","4211","0755814600","http://www.oztradesupplies.com.au/","1","","","","","","","","153.344262","-28.005276","YES"
"155","Paintaway","250 HIGH STREET","PRESTON","3072","0294806799","","1","","","","","","","","145.003504","-37.743325",""
"156","Paintaway","200 CANTERBURY ROAD UNIT 4","BAYSWATER","3153","0297207211","","1","","","","","","","","145.282318","-37.827252",""
"157","Paintaway","100 FRANKSTON DANDENONG ROAD 1 B","DANDENONG","3175","0397936544","","1","","","","","","","","145.215813","-38.010177",""
"158","Paintaway","250 HIGH STREET","Preston","3072","0394806799","","1","","","","","","","","145.003504","-37.743325",""
"159","Paintaway","2 SUFFOLK ROAD & CNR NORTH SUNSHINE ROAD","MCINTYRE","3020","0393347999","","1","","","","","","","","144.829736","-37.771596",""
"160","Palmerston Paint Group Pty Ltd","15 MANDER STREET","HOLTZ","0829","0889327999","","1","","","","","","","","130.966222","-12.452574",""
"161","Park Automotive Pty Ltd","U1,7 NEIL ST","OSBORNE PARK","6017","0894449822","","1","","","","","","","","115.821086","-31.911882",""
"162","Peninsula Paint Supplies","28-40 Dickson Road","Morayfield","4506","0754954033","http://peninsulapaintsupplies.com.au/","1","","","","","","","","152.952801","-27.096966",""
"163","Peninsula Paint Supplies","Lot 27, 82-86 Sugar Road","Maroochydore","4558","0754793118","http://peninsulapaintsupplies.com.au/","1","","","","","","","","153.094159","-26.668733",""
"164","Peninsula Paint Supplies","222 ANZAC AVENUE","KIPPA-RING","4020","0732848466","http://peninsulapaintsupplies.com.au/","1","","","","","","","","153.092004","-27.227159",""
"165","PPG Aerospace Australia","23 OVATA DRIVE","TULLAMARINE","3043","0393351557","http://www.ppg.com/coatings/aerospace/Pages/default.aspx","","","","","1","","","","144.864911","-37.709755",""
"166","Kloster Ford","CNR RAILWAY & ALBERT STREETS","WICKHAM","2293","0249220550","http://www.klosterford.com.au","1","","","","","","","","151.757006","-32.918360",""
"167","Prestige Paint & Equipment","UNIT 4 /19 EXPO COURT","ASHMORE","4214","0755912271","http://www.sape.com.au/","1","","","","","","","","153.385851","-27.979074",""
"168","Prestige Paint & Equipment Supplies","UNIT 1 / 11 WOOMERA PLACE UNIT 1","ARCHERFIELD","4108","0733182400","http://www.sape.com.au/","1","","","","","","","","153.018557","-27.567965",""
"169","Preston Motors Pty Ltd","1551 SYDNEY ROAD","CAMPBELLFIELD","3061","1300559586","http://www.pmparts.com.au/","1","","","","","","","","144.953815","-37.677830",""
"170","Preston Motors Pty Ltd","48 GREENS ROAD (DANDENONG PARTS)","DANDENONG","3175","1300559586","http://www.pmparts.com.au/","1","","","","","","","","145.214861","-37.987460",""
"171","Preston Motors Pty Ltd","146 VICTORIA STREET","GEELONG NORTH","3215","1300559586","http://www.pmparts.com.au/","1","","","","","","","","144.345546","-38.122739",""
"172","Preston Motors Pty Ltd","317 PRINCES HIGHWAY","TRARALGON","3844","0351743365","http://www.pmparts.com.au/","1","","","","","","","","146.564989","-38.189569",""
"173","Preston Motors Pty Ltd","FACTORY 7 & 8 LEWIS ROAD","WANTIRNA","3152","1300559586","http://www.pmparts.com.au/","1","","","","","","","","145.238726","-37.860817",""
"174","Robayne Distributors","2 RAPHAEL ROAD","WINNELLIE","0820","0889475254","http://www.robayne.com.au/","1","","","","","","","","130.862003","-12.431334",""
"175","Robayne Distributors","2 CONMURRA AVENUE","EDWARDSTOWN","5039","0883741380","http://www.robayne.com.au/","1","","","","","","","","138.573923","-34.988842",""
"176","Robayne Distributors","62 CHARLES STREET","MOONAH","7009","0262720422","http://www.robayne.com.au/","1","","","","","","","","147.290997","-42.844959",""
"177","Robayne Distributors","4C SWANSTON DRIVE","WAVERLEY","7250","0363341085","http://www.robayne.com.au/","1","","","","","","","","147.178494","-41.436206",""
"178","Robayne Distributors","119 EWING STREET","WELSHPOOL","6106","0894512111","http://www.robayne.com.au/","1","","","","","","","","115.931300","-31.995991",""
"179","Robayne Distributors","UNIT 1/32 DENNING RD","BUNBURY","6230","0364312702","http://www.robayne.com.au/","1","","","","","","","","115.652255","-33.340076",""
"180","Robayne Distributors","14 JESSIE LEE STREET","HENDERSON","6166","0894376833","http://www.robayne.com.au/","1","","","","","","","","115.780707","-32.148573",""
"181","Rocket Tools Pty Ltd","1 WHITBREAD STREET","TAREE","2430","0265512266","www.tools.com.au","1","","","","","","","","152.459937","-31.906578",""
"182","SA Color Pty Ltd","18 - 20 FURNESS AVE","EDWARDSTOWN","5039","0265512266","http://www.sacolor.com.au","1","","","","","","","","138.572471","-34.983535",""
"183","Sam Allen Wholesale","385 THYNNE ROAD","MORNINGSIDE","4170","0739027222","http://www.samallen.com.au/","","","","","","1","","","153.077376","-27.450937","YES"
"184","Spectrum Car Paints","71-75 Margaret Street","Launcheston","7250","0363315114","http://www.spectrumcarpaints.com.au","1","","","","","","","","147.135144","-41.442742",""
"185","Spectrum Car Paints","78 SUNDERLAND STREET","MOONAH","7009","0362726644","http://www.spectrumcarpaints.com.au","1","","","","","","","","147.293375","-42.838206",""
"186","Sutton Spare Parts","22 CARTER STREET","LIDCOMBE","2141","0296483688","http://www.suttonspartsrefinish.com.au/","1","","","","","","","","151.057426","-33.850917","YES"
"187","Sydney Automotive Paints & Equipment","EQUIPMENT UNIT A3, 366 EDGAR STREET","CONDELL PARK","2200","0297729000","http://www.sape.com.au/","1","","","","","","","","151.010177","-33.934273",""
"188","Tasmanian Marine Distributors","28 MERTONVALE CIRCUIT","KINGSTON","7050","0362296741","http://www.tmdmarine.com.au/","","","","","","1","","","147.292569","-42.981942",""
"189","Triken Pty Ltd","UNIT 5/1 - 3 ENDEAVOUR ROAD","CARINGBAH","2229","0295403466","http://triken.com.au/","1","","","","","","","","151.130414","-34.030604",""
"190","Wards Auto Supplies Pty Ltd","118 TAYLOR STREET","ARMIDALE","2350","0267727244","http://www.wardsauto.com.au/","1","","","","","","","","151.671011","-30.516539",""
"191","Wards Auto Supplies Pty Ltd","5 COOK DRIVE UNIT 1","COFFS HARBOUR","2450","0266519255","http://www.wardsauto.com.au/","1","","","","","","","","153.096918","-30.314848",""
"192","Wards Auto Supplies Pty Ltd","UNIT 11 / 4 CARBONI COURT","DUBBO","2830","0267727244","http://www.wardsauto.com.au/","1","","","","","","","","148.613878","-32.233339",""
"193","Wards Auto Supplies Pty Ltd","37A VILLIERS STREET","GRAFTON","2460","0266433080","http://www.wardsauto.com.au/","1","","","","","","","","152.938132","-29.691444",""
"194","Wards Auto Supplies Pty Ltd","18 BARNES STREET","TAMWORTH","2340","0267627533","http://www.wardsauto.com.au/","1","","","","","","","","150.915138","-31.089924",""
"195","Wishart's Paint Solutions","4 WAVERLEY DRIVE","UNANDERRA","2526","0242721140","http://www.wishartspaintsolutions.com.au/","1","","","","","","","","150.840827","-34.461965",""
"196","Lincoln Sentry","31-33 COLLIE STREET","FYSHWICK","2609","026280 4302","http://www.lincolnsentry.com.au","","1","1","","","","1","1","149.179993","-35.328025",""
"197","Lincoln Sentry","110 MUNIBUNG ROAD","CARDIFF","2285","024953 2333","http://www.lincolnsentry.com.au","","1","1","","","","1","1","151.636783","-32.940069",""
"198","Lincoln Sentry","12/37-41 O'RIORDAN STREET","ALEXANDRIA","2015","029698 5718","http://www.lincolnsentry.com.au","","1","1","","","","1","1","151.196533","-33.911772",""
"199","Lincoln Sentry","10 JESSICA PLACE","PRESTONS","2170","028784 4400","http://www.lincolnsentry.com.au","","1","1","","","","1","1","150.875256","-33.934571",""
"200","Lincoln Sentry","5 PROSPECT ROAD","EAST BENDIGO","3550","035444 4594","http://www.lincolnsentry.com.au","","1","1","","","","1","1","144.313912","-36.743261",""
"201","Lincoln Sentry","2 COMMERCIAL DRIVE","DANDENONG","3175","039768 2085","http://www.lincolnsentry.com.au","","1","1","","","","1","1","145.227718","-38.028130",""
"202","Lincoln Sentry","14 HEDE STREET","SOUTH GEELONG","3220","035224 1168","http://www.lincolnsentry.com.au","","1","1","","","","1","1","144.366775","-38.173763",""
"203","Lincoln Sentry","FACTORY 10-11, 8 TROTTERS LANE","PROSPECT","7250","036344 9269","http://www.lincolnsentry.com.au","","1","1","","","","1","1","147.135744","-41.472220",""
"204","Lincoln Sentry","73 BARRY STREET","BAYSWATER","3153","039760 5422","http://www.lincolnsentry.com.au","","1","1","","","","1","1","145.284521","-37.847561",""
"205","Lincoln Sentry","417 SWIFT STREET","ALBURY","2640","026021 0061","http://www.lincolnsentry.com.au","","1","1","","","","1","1","146.923746","-36.079880",""
"206","Lincoln Sentry","SHED 3, 4 ACTIVITY STREET","BUNDABERG","4670","074151 1171","http://www.lincolnsentry.com.au","","1","1","","","","1","1","152.333754","-24.890408",""
"207","Lincoln Sentry","48 WEAVER STREET","COOPERS PLAINS","4108","073244 3244","http://www.lincolnsentry.com.au","","1","1","","","","1","1","153.027706","-27.571857",""
"208","Lincoln Sentry","9 WINGARA DRIVE","COFFS HARBOUR","2450","026651 2488","http://www.lincolnsentry.com.au","","1","1","","","","1","1","153.100697","-30.315759",""
"209","Lincoln Sentry","UNIT 3, 481 SCOTTSDALE DRIVE","VARSITY LAKES","4227","075568 0165","http://www.lincolnsentry.com.au","","1","1","","","","1","1","153.393342","-28.091638",""
"210","Lincoln Sentry","UNIT 2, 22 TECHNOLOGY DRIVE","KAWANA WATERS","4575","075437 8136","http://www.lincolnsentry.com.au","","1","1","","","","1","1","153.127293","-26.725919",""
"211","Lincoln Sentry","400 TAYLOR STREET","TOOWOOMBA","4350","074634 3733","http://www.lincolnsentry.com.au","","1","1","","","","1","1","151.903233","-27.551259",""
"212","Lincoln Sentry","BUILDING 2, 76 POSTLE STREET","COOPERS PLAINS","4108","073722 8273","http://www.lincolnsentry.com.au","","1","1","","","","1","1","153.026630","-27.572014",""
"213","Lincoln Sentry","9 PEACE STREET","PAGET","4740","074952 3737","http://www.lincolnsentry.com.au","","1","1","","","","1","1","149.172863","-21.172981",""
"214","Lincoln Sentry","170 ALEXANDRA STREET","NORTH ROCKHAMPTON","4701","074921 2371","http://www.lincolnsentry.com.au","","1","1","","","","1","1","150.508138","-23.343005",""
"215","Lincoln Sentry","123-125 BROWN ST","BUNGALOW","4870","074035 5353","http://www.lincolnsentry.com.au","","1","1","","","","1","1","145.759202","-16.939950",""
"216","Lincoln Sentry","14-16 CARMEL STREET","GARBUTT","4814","074779 3097","http://www.lincolnsentry.com.au","","1","1","","","","1","1","146.765133","-19.269866",""
"217","Lincoln Sentry","34 CLIFFORD STREET","BUNBURY","6230","089725 6930","http://www.lincolnsentry.com.au","","1","1","","","","1","1","115.677450","-33.363928",""
"218","Lincoln Sentry","UNIT 2, 121 BERINGARRA AVE","MALAGA","6090","089347 3888","http://www.lincolnsentry.com.au","","1","1","","","","1","1","115.906781","-31.863000",""
"219","Lincoln Sentry","8 TRIZOLPIC COURT","LONSDALE","5160","088381 0888","http://www.lincolnsentry.com.au","","1","1","","","","1","1","138.502061","-35.101638",""
"220","Lincoln Sentry","31 ALBATROSS STREET","WINNELLIE","0821","088947 4789","http://www.lincolnsentry.com.au","","1","1","","","","1","1","130.886473","-12.427655",""
"221","Blackwoods","194 Albany Highway","Albany","6330","(08) 9841 1888","http://www.blackwoods.com.au","","1","1","","","","1","1","117.874633","-35.014091","YES"
"222","Blackwoods","410 Townsend Street","Albury","2640","(02) 6021 8300","http://www.blackwoods.com.au","","1","1","","","","1","1","146.912828","-36.085199","YES"
"223","Blackwoods","4219 Stuart Highway","Alice Springs","0870","(08) 8952 1788","http://www.blackwoods.com.au","","1","1","","","","1","1","133.878506","-23.697454","YES"
"224","Blackwoods","4 Daveyduke Drive","Wendouree","3350","(03) 5339 6900","http://www.blackwoods.com.au","","1","1","","","","1","1","143.805864","-37.513290","YES"
"225","Blackwoods","27 Deborah Street","Bendigo","3550","(03) 5441 2662","http://www.blackwoods.com.au","","1","1","","","","1","1","144.272946","-36.775358","YES"
"226","Blackwoods","134A South Pine Road","Brendale","4500","(07) 3881 2692","http://www.blackwoods.com.au","","1","1","","","","1","1","152.987308","-27.324183","YES"
"227","Blackwoods","105-107 Argent Street","Broken Hill","2880","(08) 8088 3811","http://www.blackwoods.com.au","","1","1","","","","1","1","141.460561","-31.961388","YES"
"228","Blackwoods","97 Guy St","Broome","6725","(08) 9192 1718","http://www.blackwoods.com.au","","1","1","","","","1","1","122.224586","-17.964030","YES"
"229","Blackwoods","11 Clifford Street","Bunbury","6230","(08) 9725 5300","http://www.blackwoods.com.au","","1","1","","","","1","1","115.675171","-33.360564","YES"
"230","Blackwoods","Unit 1 6-8 Woondooma Street","Bundaberg","4670","(07) 4152 2200","http://www.blackwoods.com.au","","1","1","","","","1","1","152.358616","-24.866227","YES"
"231","Blackwoods","10 Wellington Street","Burnie","7320","(03) 6431 9975","http://www.blackwoods.com.au","","1","1","","","","1","1","145.908533","-41.061775","YES"
"232","Blackwoods","Cnr Cook & Tingira St","Cairns","4870","(07) 4035 3722","http://www.blackwoods.com.au","","1","1","","","","1","1","145.772146","-16.941934","YES"
"233","Blackwoods","1948 Sydney Road","Campbellfield","3061","(03) 9357 8222","http://www.blackwoods.com.au","","1","1","","","","1","1","144.954304","-37.654463","YES"
"234","Blackwoods","187 Gladstone Street","Fyshwick","2609","(02) 6234 5345","http://www.blackwoods.com.au","","1","1","","","","1","1","149.185751","-35.330638","YES"
"235","Blackwoods","35-39 Baille Rd","Canning Vale","6155","(08) 9311 6400","http://www.blackwoods.com.au","","1","1","","","","1","1","115.907915","-32.067947","YES"
"236","Blackwoods","131-137 Mica Street","Carole Park","4300","(07) 3275 7222","http://www.blackwoods.com.au","","1","1","","","","1","1","152.924718","-27.613290","YES"
"237","Blackwoods","14 Isles Drive","Coffs Harbour","2450","(02) 6652 1244","http://www.blackwoods.com.au","","1","1","","","","1","1","153.087076","-30.315482","YES"
"238","Blackwoods","20 Greens Road","Dandenong","3175","(03) 8710 5100","http://www.blackwoods.com.au","","1","1","","","","1","1","145.217699","-38.015286","YES"
"239","Blackwoods","98 Reichardt Rd","Winnellie","0820","(08) 8942 9200","http://www.blackwoods.com.au","","1","1","","","","1","1","130.868635","-12.428621","YES"
"240","Blackwoods","375 Fitzgerald Road","Derrimut","3030","(03) 8369 1555","http://www.blackwoods.com.au","","1","1","","","","1","1","144.787230","-37.804241","YES"
"241","Blackwoods","33 Cobbora Road","Dubbo","2830","(02) 6882 4166","http://www.blackwoods.com.au","","1","1","","","","1","1","148.618006","-32.243048","YES"
"242","Blackwoods","42D Norseman Road","Esperance","6450","(08) 9083 1300","http://www.blackwoods.com.au","","1","1","","","","1","1","121.896975","-33.836387","YES"
"243","Blackwoods","385 Thompsons Road","Geelong North","3215","(03) 5278 5188","http://www.blackwoods.com.au","","1","1","","","","1","1","144.105264","-38.301894","YES"
"244","Blackwoods","115 Flores Road","Geraldton","6530","(08) 9921 1533","http://www.blackwoods.com.au","","1","1","","","","1","1","114.628307","-28.751771","YES"
"245","Blackwoods","16 Chapple Street","Gladstone","4680","(07) 4972 1544","http://www.blackwoods.com.au","","1","1","","","","1","1","151.244683","-23.841723","YES"
"246","Blackwoods","124-126 Wakaden Street","Griffith","2680","(02) 6962 6444","http://www.blackwoods.com.au","","1","1","","","","1","1","146.064077","-34.288220","YES"
"247","Blackwoods","35 Oak Street","Gympie","4570","(07) 5482 1488","http://www.blackwoods.com.au","","1","1","","","","1","1","152.652741","-26.180131","YES"
"248","Blackwoods","712-716 Kingsford Smith Drive","Hamilton","4007","(07) 3861 2000","http://www.blackwoods.com.au","","1","1","","","","1","1","153.063507","-27.439413","YES"
"249","Blackwoods","11 Derwent Park Road","Derwent Park","7009","(03) 6273 1333","http://www.blackwoods.com.au","","1","1","","","","1","1","147.291682","-42.839429","YES"
"250","Blackwoods","292-296 Brisbane Street","Ipswich West","4305","(07) 3275 7222","http://www.blackwoods.com.au","","1","1","","","","1","1","152.748146","-27.622075","YES"
"251","Blackwoods","11 Wilurarra Road","West Kalgoorlie","6430","(08) 9026 4000","http://www.blackwoods.com.au","","1","1","","","","1","1","121.433492","-30.785824","YES"
"252","Blackwoods","Lot 2511 Coolawanyah Road","Karratha","6714","(08) 9185 1266","http://www.blackwoods.com.au","","1","1","","","","1","1","116.878655","-20.766174","YES"
"253","Blackwoods","Lot 1132 Ivenhoe Road","Kununurra","6743","(08) 9168 2499","http://www.blackwoods.com.au","","1","1","","","","1","1","128.715011","-15.735768","YES"
"254","Blackwoods","53 Office Rd","Kwinana","6167","(08) 9439 1799","http://www.blackwoods.com.au","","1","1","","","","1","1","115.776302","-32.249557","YES"
"255","Blackwoods","170 Inverway Road","Invermay","7248","(03) 6326 5999","http://www.blackwoods.com.au","","1","1","","","","1","1","147.133321","-41.411832","YES"
"256","Blackwoods","23 Krauss Avenue","Lismore South","2480","(02) 6621 2666","http://www.blackwoods.com.au","","1","1","","","","1","1","153.264216","-28.825238","YES"
"257","Blackwoods","53-55 Enterprise Street","Paget","4740","(07) 4963 3800","http://www.blackwoods.com.au","","1","1","","","","1","1","149.160079","-21.184353","YES"
"258","Blackwoods","819 Marshall Road","Malaga","6090","(08) 9248 2300","http://www.blackwoods.com.au","","1","1","","","","1","1","115.896290","-31.855930","YES"
"259","Blackwoods","164 Saltwater Creek Road","Maryborough","4650","(07) 4121 2329","http://www.blackwoods.com.au","","1","1","","","","1","1","152.708732","-25.513639","YES"
"260","Blackwoods","210-224 Princes Drive","Morwell","3840","(03) 5120 2400","http://www.blackwoods.com.au","","1","1","","","","1","1","146.444542","-38.232935","YES"
"261","Blackwoods","322B Commercial Street West","Mt Gambier","5290","(08) 8723 9288","http://www.blackwoods.com.au","","1","1","","","","1","1","140.754005","-37.819108","YES"
"262","Blackwoods","1 Traders Way","Mt Isa","4825","(07) 4744 4500","http://www.blackwoods.com.au","","1","1","","","","1","1","139.501629","-20.707563","YES"
"263","Blackwoods","1607 Laver Street","Newman","6753","(08) 9177 9100","http://www.blackwoods.com.au","","1","1","","","","1","1","119.734484","-23.369661","YES"
"264","Blackwoods","18-22 Peisley Street","Orange","2800","(02) 6361 7000","http://www.blackwoods.com.au","","1","1","","","","1","1","149.101672","-33.296848","YES"
"265","Blackwoods","Lot 1618 Wilson Street","Port Hedland","6721","(08) 9173 4499","http://www.blackwoods.com.au","","1","1","","","","1","1","118.577859","-20.313248","YES"
"266","Blackwoods","11 Cellana Court","Portland","3305","(03) 5523 2222","http://www.blackwoods.com.au","","1","1","","","","1","1","141.623396","-38.364396","YES"
"267","Blackwoods","7-19 Tikalara Street","Regency Park","5010","(08) 8245 8600","http://www.blackwoods.com.au","","1","1","","","","1","1","138.572487","-34.869544","YES"
"268","Blackwoods","211-213 Farm Street","North Rockhampton","4702","(07) 4924 7600","http://www.blackwoods.com.au","","1","1","","","","1","1","150.510874","-23.338725","YES"
"269","Blackwoods","3 Gosse Street","Roxby Downs","5725","(08) 8671 0700","http://www.blackwoods.com.au","","1","1","","","","1","1","136.894285","-30.552692","YES"
"270","Blackwoods","1 Caribbean Drive","Scoresby","3179","(03) 8756 8222","http://www.blackwoods.com.au","","1","1","","","","1","1","145.222206","-37.900149","YES"
"271","Blackwoods","87 Benalla Road","Shepparton","3630","(03) 5821 9455","http://www.blackwoods.com.au","","1","1","","","","1","1","145.421878","-36.384955","YES"
"272","Blackwoods","5 Magpie Street","Singleton","2330","(02) 6571 3111","http://www.blackwoods.com.au","","1","1","","","","1","1","151.141019","-32.548713","YES"
"273","Blackwoods","13 Cooper Street","Smithfield","2164","(02) 9203 0111","http://www.blackwoods.com.au","","1","1","","","","1","1","150.937021","-33.842232","YES"
"274","Blackwoods","7 Commercial Drive","Southport","4215","(07) 5532 9500","http://www.blackwoods.com.au","","1","1","","","","1","1","153.390488","-27.980114","YES"
"275","Blackwoods","Corner Plain Street & Belmore Street","Tamworth","2340","(02) 6765 3066","http://www.blackwoods.com.au","","1","1","","","","1","1","150.913597","-31.086773","YES"
"276","Blackwoods","313 Taylor Street","Toowoomba","4350","(07) 4634 5555","http://www.blackwoods.com.au","","1","1","","","","1","1","151.913992","-27.549830","YES"
"277","Blackwoods","1-3 Greg Jabs Court","Townsville","4814","(07) 4755 8111","http://www.blackwoods.com.au","","1","1","","","","1","1","146.756545","-19.273215","YES"
"278","Blackwoods","6 Colony Close","Tuggerah","2259","(02) 4353 9133","http://www.blackwoods.com.au","","1","1","","","","1","1","151.419677","-33.317369","YES"
"279","Blackwoods","150 Hammond Avenue","Wagga Wagga","2650","(02) 6921 6077","http://www.blackwoods.com.au","","1","1","","","","1","1","147.396176","-35.122734","YES"
"280","Blackwoods","132 Norrie Avenue","Whyalla","5600","(08) 8645 0133","http://www.blackwoods.com.au","","1","1","","","","1","1","137.552576","-33.037695","YES"
"281","Blackwoods","90 Hannell Street","Wickham","2293","(02) 4962 2300","http://www.blackwoods.com.au","","1","1","","","","1","1","151.759582","-32.920144","YES"
"282","Blackwoods","Unit 1 175-177 Five Islands Road","Unanderra","2526","(02) 4272 2222","http://www.blackwoods.com.au","","1","1","","","","1","1","150.865677","-34.460524","YES"
"283","Blackwoods","Lot 684 Shanks Road","Onslow","6710","13 73 23","http://www.blackwoods.com.au","","1","1","","","","1","1","115.122690","-21.648787","YES"